time,axis_2,axis_2_prediction,axis_2_residual,segment
2022-10-18 10:44:59.628000+00:00,4.733317114049358,3.7011686081124715,1.032148505936886,normal
2022-10-18 10:45:00.628000+00:00,0.17849973209136216,3.701170802315889,-3.522671070224527,normal
2022-10-18 10:45:01.628000+00:00,6.2431279179645,3.7011729965193068,2.541954921445194,normal
2022-10-18 10:45:02.628000+00:00,6.887089375587264,3.701175190722724,3.1859141848645405,normal
2022-10-18 10:45:03.628000+00:00,-2.9074382418126574,3.7011773849261416,-6.608615626738799,normal
2022-10-18 10:45:04.628000+00:00,-0.7096090565213342,3.7011795791295587,-4.410788635650893,normal
2022-10-18 10:45:05.628000+00:00,4.13420732357066,3.7011817733329764,0.4330255502376836,normal
2022-10-18 10:45:06.628000+00:00,2.6299958363555413,3.7011839675363936,-1.0711881311808524,normal
2022-10-18 10:45:07.628000+00:00,3.6442766848242503,3.701186161739811,-0.05690947691556104,normal
2022-10-18 10:45:08.628000+00:00,0.8117276927826182,3.701188355943229,-2.8894606631606106,normal
2022-10-18 10:45:09.628000+00:00,6.679918577502625,3.701190550146646,2.978728027355979,normal
2022-10-18 10:45:10.628000+00:00,6.335757189276205,3.7011927443500636,2.6345644449261405,normal
2022-10-18 10:45:11.628000+00:00,3.924856460542021,3.701194938553481,0.22366152198854028,normal
2022-10-18 10:45:12.628000+00:00,7.51942855102917,3.7011971327568984,3.8182314182722714,normal
2022-10-18 10:45:13.628000+00:00,5.284763561383469,3.7011993269603156,1.5835642344231537,normal
2022-10-18 10:45:14.628000+00:00,0.7905755974625741,3.7012015211637332,-2.910625923701159,normal
2022-10-18 10:45:15.628000+00:00,4.9502494569466275,3.7012037153671504,1.2490457415794773,normal
2022-10-18 10:45:16.628000+00:00,0.45324473649774877,3.701205909570568,-3.2479611730728193,normal
2022-10-18 10:45:17.628000+00:00,6.676726137632812,3.7012081037739852,2.9755180338588265,normal
2022-10-18 10:45:18.628000+00:00,3.5320994805807304,3.701210297977403,-0.16911081739667239,normal
2022-10-18 10:45:19.628000+00:00,24.125361408024055,3.7012124921808205,20.424148915843233,alert
2022-10-18 10:45:20.628000+00:00,23.41706307241428,3.7012146863842377,19.715848386030043,alert
2022-10-18 10:45:21.628000+00:00,26.13490165449233,3.7012168805876553,22.433684773904677,alert
2022-10-18 10:45:22.628000+00:00,24.168678245473878,3.7012190747910725,20.467459170682805,alert
2022-10-18 10:45:23.628000+00:00,23.7777424441117,3.70122126899449,20.076521175117207,alert
2022-10-18 10:45:24.628000+00:00,23.88653724761982,3.7012234631979073,20.185313784421915,alert
2022-10-18 10:45:25.628000+00:00,25.14937496632479,3.701225657401325,21.448149308923465,alert
2022-10-18 10:45:26.628000+00:00,24.91112182273078,3.701227851604742,21.20989397112604,alert
2022-10-18 10:45:27.628000+00:00,5.099252594309672,3.7012300458081597,1.3980225485015116,gap
2022-10-18 10:45:28.628000+00:00,5.1605244298001285,3.7012322400115774,1.4592921897885516,gap
2022-10-18 10:45:29.628000+00:00,10.955499187812604,3.7012344342149945,7.254264753597609,gap
2022-10-18 10:45:30.628000+00:00,2.324613262607242,3.701236628418412,-1.3766233658111702,gap
2022-10-18 10:45:31.628000+00:00,1.966152072925018,3.7012388226218293,-1.7350867496968114,gap
2022-10-18 10:45:32.628000+00:00,0.9448011536245171,3.701241016825247,-2.75643986320073,gap
2022-10-18 10:45:33.628000+00:00,37.951006967446794,3.701243211028664,34.24976375641813,error
2022-10-18 10:45:34.628000+00:00,38.66476847667033,3.701245405232082,34.96352307143825,error
2022-10-18 10:45:35.628000+00:00,36.93541807889379,3.701247599435499,33.23417047945829,error
2022-10-18 10:45:36.628000+00:00,35.92499989038205,3.7012497936389166,32.22375009674313,error
2022-10-18 10:45:37.628000+00:00,35.946812063629785,3.7012519878423342,32.24556007578745,error
2022-10-18 10:45:38.628000+00:00,37.999177695272614,3.7012541820457514,34.29792351322686,error
2022-10-18 10:45:39.628000+00:00,38.12810551277072,3.701256376249169,34.426849136521554,error
2022-10-18 10:45:40.628000+00:00,37.84969609944485,3.701258570452586,34.14843752899226,error
2022-10-18 10:45:41.628000+00:00,1.447022667408254,3.701260764656004,-2.25423809724775,recovery
2022-10-18 10:45:42.628000+00:00,4.487648030981919,3.701262958859421,0.7863850721224982,recovery
2022-10-18 10:45:43.628000+00:00,4.096507466574436,3.7012651530628387,0.39524231351159705,recovery
2022-10-18 10:45:44.628000+00:00,4.4420171226355585,3.701267347266256,0.7407497753693026,recovery
2022-10-18 10:45:45.628000+00:00,6.653004022236173,3.7012695414696735,2.9517344807665,recovery
2022-10-18 10:45:46.628000+00:00,4.458642513142844,3.7012717356730906,0.7573707774697531,recovery
2022-10-18 10:45:47.628000+00:00,6.000914043091244,3.7012739298765083,2.2996401132147355,recovery
2022-10-18 10:45:48.628000+00:00,3.930182346408443,3.701276124079926,0.22890622232851704,recovery
2022-10-18 10:45:49.628000+00:00,4.680593805409064,3.701278318283343,0.9793154871257207,recovery
2022-10-18 10:45:50.628000+00:00,5.83960239336033,3.7012805124867607,2.138321880873569,recovery
2022-10-18 10:45:51.628000+00:00,-1.2344471959241585,3.701282706690178,-4.935729902614336,recovery
2022-10-18 10:45:52.628000+00:00,2.618483212783045,3.7012849008935955,-1.0828016881105509,recovery
2022-10-18 10:45:53.628000+00:00,2.108024148520038,3.7012870950970127,-1.5932629465769748,recovery
2022-10-18 10:45:54.628000+00:00,1.537259570086936,3.7012892893004303,-2.1640297192134943,recovery
2022-10-18 10:45:55.628000+00:00,2.7693198862681565,3.701291483503848,-0.9319715972356915,recovery
2022-10-18 10:45:56.628000+00:00,8.765011937600676,3.701293677707265,5.063718259893411,recovery
2022-10-18 10:45:57.628000+00:00,0.7685219913764985,3.7012958719106828,-2.9327738805341843,recovery
2022-10-18 10:45:58.628000+00:00,6.981084869755156,3.7012980661141,3.2797868036410565,recovery
2022-10-18 10:45:59.628000+00:00,-1.998975949533964,3.7013002603175176,-5.700276209851482,recovery
2022-10-18 10:46:00.628000+00:00,2.5669679970005235,3.7013024545209348,-1.1343344575204113,recovery
